{
  "version": 1,
  "author": "Anonymous maker",
  "editor": "wokwi",
  "parts": [
    { "type": "wokwi-arduino-uno", "id": "uno", "top": 87, "left": 18.6, "attrs": {} },
    {
      "type": "wokwi-led",
      "id": "led1",
      "top": -32.4,
      "left": 80.6,
      "attrs": { "color": "blue", "flip": "" }
    },
    {
      "type": "wokwi-resistor",
      "id": "r1",
      "top": 33.6,
      "left": 114.65,
      "rotate": 90,
      "attrs": { "value": "220" }
    }
  ],
  "connections": [
    [ "uno:13", "r1:2", "green", [ "v0" ] ],
    [ "r1:1", "led1:A", "green", [ "h0" ] ],
    [ "led1:C", "uno:GND.1", "green", [ "v0" ] ]
  ],
  "dependencies": {}
}