{
  "version": 1,
  "author": "Seepala Siva Kumar 22121814131",
  "editor": "wokwi",
  "parts": [
    {
      "type": "board-st-nucleo-l031k6",
      "id": "nucleo",
      "top": 39.61,
      "left": -44.45,
      "attrs": {}
    },
    { "type": "wokwi-led", "id": "led1", "top": 25.2, "left": 51.8, "attrs": { "color": "red" } },
    {
      "type": "wokwi-pushbutton-6mm",
      "id": "btn1",
      "top": 161,
      "left": 76.8,
      "attrs": { "color": "green" }
    }
  ],
  "connections": [
    [ "$serialMonitor:TX", "nucleo:VCP_RX", "", [] ],
    [ "$serialMonitor:RX", "nucleo:VCP_TX", "", [] ],
    [ "led1:C", "nucleo:GND.2", "green", [ "v0" ] ],
    [ "led1:A", "nucleo:A5", "green", [ "v0" ] ],
    [ "btn1:2.l", "nucleo:A0", "green", [ "h0" ] ],
    [ "btn1:1.r", "nucleo:GND.2", "green", [ "v-67.2", "h-85" ] ]
  ],
  "dependencies": {}
}