{
  "version": 1,
  "author": "Anonymous maker",
  "editor": "wokwi",
  "parts": [
    { "type": "wokwi-arduino-uno", "id": "uno", "top": 106.2, "left": 28.2, "attrs": {} },
    {
      "type": "wokwi-led",
      "id": "led1",
      "top": -61.2,
      "left": 138.2,
      "attrs": { "color": "blue", "flip": "" }
    },
    {
      "type": "wokwi-resistor",
      "id": "r1",
      "top": 43.2,
      "left": 114.65,
      "rotate": 90,
      "attrs": { "value": "220" }
    },
    {
      "type": "wokwi-potentiometer",
      "id": "pot1",
      "top": 357.3,
      "left": 154.6,
      "rotate": 180,
      "attrs": {}
    }
  ],
  "connections": [
    [ "pot1:GND", "uno:GND.3", "black", [ "v0" ] ],
    [ "pot1:VCC", "uno:5V", "red", [ "v0" ] ],
    [ "pot1:SIG", "uno:A0", "green", [ "v0" ] ],
    [ "r1:2", "uno:GND.1", "green", [ "h0" ] ],
    [ "led1:A", "uno:9", "green", [ "h19.2", "v134.4" ] ],
    [ "led1:C", "r1:1", "green", [ "v28.8", "h-9.2" ] ]
  ],
  "dependencies": {}
}