{
  "version": 1,
  "author": "Seepala Siva Kumar 22121814131",
  "editor": "wokwi",
  "parts": [
    { "type": "board-esp32-devkit-c-v4", "id": "esp", "top": 0, "left": -62.36, "attrs": {} },
    {
      "type": "wokwi-led",
      "id": "led1",
      "top": 133.2,
      "left": 121.8,
      "rotate": 90,
      "attrs": { "color": "red" }
    },
    {
      "type": "wokwi-resistor",
      "id": "r1",
      "top": 109.55,
      "left": 57.6,
      "attrs": { "value": "220" }
    },
    {
      "type": "wokwi-pushbutton",
      "id": "btn1",
      "top": 35,
      "left": 96,
      "attrs": { "color": "green" }
    }
  ],
  "connections": [
    [ "esp:TX", "$serialMonitor:RX", "", [] ],
    [ "esp:RX", "$serialMonitor:TX", "", [] ],
    [ "r1:2", "led1:C", "green", [ "v0" ] ],
    [ "esp:GND.3", "r1:1", "black", [ "h0" ] ],
    [ "esp:18", "led1:A", "green", [ "h9.6", "v67.2", "h76.8" ] ],
    [ "btn1:2.l", "esp:19", "green", [ "h-28.8", "v29" ] ],
    [ "btn1:1.r", "esp:GND.3", "green", [ "v-48", "h-105.4", "v86.4" ] ]
  ],
  "dependencies": {}
}