{
  "version": 1,
  "author": "Seepala Siva Kumar 22121814131",
  "editor": "wokwi",
  "parts": [
    { "type": "board-esp32-devkit-c-v4", "id": "esp", "top": 0, "left": -62.36, "attrs": {} },
    {
      "type": "wokwi-led",
      "id": "led1",
      "top": 133.2,
      "left": 121.8,
      "rotate": 90,
      "attrs": { "color": "red" }
    },
    {
      "type": "wokwi-resistor",
      "id": "r1",
      "top": 109.55,
      "left": 57.6,
      "attrs": { "value": "220" }
    },
    { "type": "wokwi-potentiometer", "id": "pot1", "top": -87.7, "left": 124.6, "attrs": {} }
  ],
  "connections": [
    [ "esp:TX", "$serialMonitor:RX", "", [] ],
    [ "esp:RX", "$serialMonitor:TX", "", [] ],
    [ "r1:2", "led1:C", "green", [ "v0" ] ],
    [ "esp:GND.3", "r1:1", "black", [ "h0" ] ],
    [ "esp:18", "led1:A", "green", [ "h9.6", "v67.2", "h76.8" ] ],
    [ "pot1:GND", "esp:GND.2", "black", [ "v0" ] ],
    [ "pot1:VCC", "esp:3V3", "red", [ "h-212", "v0", "h-19.35" ] ],
    [ "pot1:SIG", "esp:34", "green", [ "v0" ] ]
  ],
  "dependencies": {}
}