{
  "version": 1,
  "author": "Seepala Siva Kumar 22121814131",
  "editor": "wokwi",
  "parts": [
    { "type": "board-st-nucleo-c031c6", "id": "nucleo", "top": 0, "left": 0, "attrs": {} },
    { "type": "wokwi-led", "id": "led1", "top": 102, "left": 301.4, "attrs": { "color": "red" } }
  ],
  "connections": [
    [ "$serialMonitor:TX", "nucleo:PA3", "", [] ],
    [ "$serialMonitor:RX", "nucleo:PA2", "", [] ],
    [ "nucleo:PA5", "led1:A", "green", [ "h0" ] ],
    [ "led1:C", "nucleo:GND.8", "green", [ "v0" ] ]
  ],
  "dependencies": {}
}